reference_response_baseline_id,rc_id,question_baseline_id,question_id,response_kind,submitted_code,expected_evaluation_status,expected_class,expected_determining_rule,expected_pattern_id,expected_criterion,expected_improvement_code,required_explanation_elements,source_ref,legacy_rc_id,legacy_case_id,provenance_status
RCBASE-0.3,RC-L-001-01-C01,QUESTIONBASE-0.1,Q-001-01,code,J44.02,classified,correct,RULE-CORRECT-01,,accepted_response,,accepted_code,QSAUDIT-0.1 §4.1,,,forward_specification_derived_human_oracle_audit_confirmed_against_qsaudit_0_1
RCBASE-0.3,RC-L-001-01-C02,QUESTIONBASE-0.1,Q-001-01,code,J44.09,classified,suboptimal,RULE-SPEC-01,PAT-SPEC-01,supported_specificity_not_used,J44.02,submitted_code|fev1_stable_pct_predicted|expected_code|improvement_direction,QSAUDIT-0.1 §4.1; RULE-SPEC-01,,,forward_specification_derived_human_oracle_audit_confirmed_against_qsaudit_0_1
RCBASE-0.3,RC-L-001-01-C03,QUESTIONBASE-0.1,Q-001-01,code,J44.0,classified,incorrect,RULE-DEPTH-01,PAT-DEPTH-01,mandatory_coding_depth_not_met,,submitted_code|required_coding_level,QSAUDIT-0.1 §4.1; RULE-DEPTH-01,,,forward_specification_derived_human_oracle_audit_confirmed_against_qsaudit_0_1
RCBASE-0.3,RC-L-001-01-C04,QUESTIONBASE-0.1,Q-001-01,code,J44.00,classified,incorrect,RULE-EVID-01,PAT-EVID-01,case_evidence_conflict,J44.02,submitted_code|fev1_stable_pct_predicted|submitted_suffix_meaning|expected_suffix|expected_code,QSAUDIT-0.1 §4.1; RULE-EVID-01,,,forward_specification_derived_human_oracle_audit_confirmed_against_qsaudit_0_1
RCBASE-0.3,RC-L-001-01-C05,QUESTIONBASE-0.1,Q-001-01,code,J44.01,classified,incorrect,RULE-EVID-01,PAT-EVID-01,case_evidence_conflict,J44.02,submitted_code|fev1_stable_pct_predicted|submitted_suffix_meaning|expected_suffix|expected_code,QSAUDIT-0.1 §4.1; RULE-EVID-01,,,forward_specification_derived_human_oracle_audit_confirmed_against_qsaudit_0_1
RCBASE-0.3,RC-L-001-01-C06,QUESTIONBASE-0.1,Q-001-01,code,J44.03,classified,incorrect,RULE-EVID-01,PAT-EVID-01,case_evidence_conflict,J44.02,submitted_code|fev1_stable_pct_predicted|submitted_suffix_meaning|expected_suffix|expected_code,QSAUDIT-0.1 §4.1; RULE-EVID-01,,,forward_specification_derived_human_oracle_audit_confirmed_against_qsaudit_0_1
RCBASE-0.3,RC-L-001-01-NOA,QUESTIONBASE-0.1,Q-001-01,none_of_above,,classified,incorrect,RULE-NOA-01,,displayed_accepted_response_exists,,displayed_accepted_response_exists|reference_code,QSAUDIT-0.1 §4.1; RULEBASE-0.2 §5.6,,,forward_specification_derived_human_oracle_audit_confirmed_against_qsaudit_0_1
RCBASE-0.3,RC-L-001-02-C01,QUESTIONBASE-0.1,Q-001-02,code,E11.9,classified,correct,RULE-CORRECT-01,,accepted_response,,accepted_code,QSAUDIT-0.1 §4.1,,,forward_specification_derived_human_oracle_audit_confirmed_against_qsaudit_0_1
RCBASE-0.3,RC-L-001-02-C02,QUESTIONBASE-0.1,Q-001-02,code,E11.3,classified,incorrect,RULE-REL-HARD-01,,documented_fact_conflict,,submitted_code|reason_key|conflicting_fact,QSAUDIT-0.1 §4.1,,,forward_specification_derived_human_oracle_audit_confirmed_against_qsaudit_0_1
RCBASE-0.3,RC-L-001-02-C03,QUESTIONBASE-0.1,Q-001-02,code,E11.2,classified,incorrect,RULE-REL-HARD-01,,documented_fact_conflict,,submitted_code|reason_key|conflicting_fact,QSAUDIT-0.1 §4.1,,,forward_specification_derived_human_oracle_audit_confirmed_against_qsaudit_0_1
RCBASE-0.3,RC-L-001-02-NOA,QUESTIONBASE-0.1,Q-001-02,none_of_above,,classified,incorrect,RULE-NOA-01,,displayed_accepted_response_exists,,displayed_accepted_response_exists|reference_code,QSAUDIT-0.1 §4.1; RULEBASE-0.2 §5.6,,,forward_specification_derived_human_oracle_audit_confirmed_against_qsaudit_0_1
RCBASE-0.3,RC-L-001-03-C01,QUESTIONBASE-0.1,Q-001-03,code,M17.0,classified,correct,RULE-CORRECT-01,,accepted_response,,accepted_code,QSAUDIT-0.1 §4.1,,,forward_specification_derived_human_oracle_audit_confirmed_against_qsaudit_0_1
RCBASE-0.3,RC-L-001-03-C02,QUESTIONBASE-0.1,Q-001-03,code,M17.9,classified,suboptimal,RULE-REL-SPEC-01,,supported_specificity_not_used,M17.0,submitted_code|improvement_code|supported_detail,QSAUDIT-0.1 §4.1,,,forward_specification_derived_human_oracle_audit_confirmed_against_qsaudit_0_1
RCBASE-0.3,RC-L-001-03-C03,QUESTIONBASE-0.1,Q-001-03,code,M17.2,classified,incorrect,RULE-REL-HARD-01,,documented_fact_conflict,,submitted_code|reason_key|conflicting_fact,QSAUDIT-0.1 §4.1,,,forward_specification_derived_human_oracle_audit_confirmed_against_qsaudit_0_1
RCBASE-0.3,RC-L-001-03-C04,QUESTIONBASE-0.1,Q-001-03,code,M17.4,classified,incorrect,RULE-REL-HARD-01,,documented_fact_conflict,,submitted_code|reason_key|conflicting_fact,QSAUDIT-0.1 §4.1,,,forward_specification_derived_human_oracle_audit_confirmed_against_qsaudit_0_1
RCBASE-0.3,RC-L-001-03-NOA,QUESTIONBASE-0.1,Q-001-03,none_of_above,,classified,incorrect,RULE-NOA-01,,displayed_accepted_response_exists,,displayed_accepted_response_exists|reference_code,QSAUDIT-0.1 §4.1; RULEBASE-0.2 §5.6,,,forward_specification_derived_human_oracle_audit_confirmed_against_qsaudit_0_1
RCBASE-0.3,RC-L-002-01-C01,QUESTIONBASE-0.1,Q-002-01,code,I48.0,classified,correct,RULE-CORRECT-01,,accepted_response,,accepted_code,QSAUDIT-0.1 §4.2,,,forward_specification_derived_human_oracle_audit_confirmed_against_qsaudit_0_1
RCBASE-0.3,RC-L-002-01-C02,QUESTIONBASE-0.1,Q-002-01,code,I48.9,classified,suboptimal,RULE-REL-SPEC-01,,supported_specificity_not_used,I48.0,submitted_code|improvement_code|supported_detail,QSAUDIT-0.1 §4.2,,,forward_specification_derived_human_oracle_audit_confirmed_against_qsaudit_0_1
RCBASE-0.3,RC-L-002-01-C03,QUESTIONBASE-0.1,Q-002-01,code,I48.1,classified,incorrect,RULE-REL-HARD-01,,documented_fact_conflict,,submitted_code|reason_key|conflicting_fact,QSAUDIT-0.1 §4.2,,,forward_specification_derived_human_oracle_audit_confirmed_against_qsaudit_0_1
RCBASE-0.3,RC-L-002-01-C04,QUESTIONBASE-0.1,Q-002-01,code,I48.3,classified,incorrect,RULE-REL-HARD-01,,documented_fact_conflict,,submitted_code|reason_key|conflicting_fact,QSAUDIT-0.1 §4.2,,,forward_specification_derived_human_oracle_audit_confirmed_against_qsaudit_0_1
RCBASE-0.3,RC-L-002-01-NOA,QUESTIONBASE-0.1,Q-002-01,none_of_above,,classified,incorrect,RULE-NOA-01,,displayed_accepted_response_exists,,displayed_accepted_response_exists|reference_code,QSAUDIT-0.1 §4.2; RULEBASE-0.2 §5.6,,,forward_specification_derived_human_oracle_audit_confirmed_against_qsaudit_0_1
RCBASE-0.3,RC-L-002-02-C01,QUESTIONBASE-0.1,Q-002-02,code,N18.3,classified,correct,RULE-CORRECT-01,,accepted_response,,accepted_code,QSAUDIT-0.1 §4.2,,,forward_specification_derived_human_oracle_audit_confirmed_against_qsaudit_0_1
RCBASE-0.3,RC-L-002-02-C02,QUESTIONBASE-0.1,Q-002-02,code,N18.9,classified,suboptimal,RULE-REL-SPEC-01,,supported_specificity_not_used,N18.3,submitted_code|improvement_code|supported_detail,QSAUDIT-0.1 §4.2,,,forward_specification_derived_human_oracle_audit_confirmed_against_qsaudit_0_1
RCBASE-0.3,RC-L-002-02-C03,QUESTIONBASE-0.1,Q-002-02,code,N18.2,classified,incorrect,RULE-REL-HARD-01,,documented_fact_conflict,,submitted_code|reason_key|conflicting_fact,QSAUDIT-0.1 §4.2,,,forward_specification_derived_human_oracle_audit_confirmed_against_qsaudit_0_1
RCBASE-0.3,RC-L-002-02-C04,QUESTIONBASE-0.1,Q-002-02,code,N18.4,classified,incorrect,RULE-REL-HARD-01,,documented_fact_conflict,,submitted_code|reason_key|conflicting_fact,QSAUDIT-0.1 §4.2,,,forward_specification_derived_human_oracle_audit_confirmed_against_qsaudit_0_1
RCBASE-0.3,RC-L-002-02-NOA,QUESTIONBASE-0.1,Q-002-02,none_of_above,,classified,incorrect,RULE-NOA-01,,displayed_accepted_response_exists,,displayed_accepted_response_exists|reference_code,QSAUDIT-0.1 §4.2; RULEBASE-0.2 §5.6,,,forward_specification_derived_human_oracle_audit_confirmed_against_qsaudit_0_1
RCBASE-0.3,RC-L-002-03-C01,QUESTIONBASE-0.1,Q-002-03,code,F41.0,classified,correct,RULE-CORRECT-01,,accepted_response,,accepted_code,QSAUDIT-0.1 §4.2,,,forward_specification_derived_human_oracle_audit_confirmed_against_qsaudit_0_1
RCBASE-0.3,RC-L-002-03-C02,QUESTIONBASE-0.1,Q-002-03,code,F41.9,classified,suboptimal,RULE-REL-SPEC-01,,supported_specificity_not_used,F41.0,submitted_code|improvement_code|supported_detail,QSAUDIT-0.1 §4.2,,,forward_specification_derived_human_oracle_audit_confirmed_against_qsaudit_0_1
RCBASE-0.3,RC-L-002-03-C03,QUESTIONBASE-0.1,Q-002-03,code,F41.1,classified,incorrect,RULE-REL-HARD-01,,documented_fact_conflict,,submitted_code|reason_key|conflicting_fact,QSAUDIT-0.1 §4.2,,,forward_specification_derived_human_oracle_audit_confirmed_against_qsaudit_0_1
RCBASE-0.3,RC-L-002-03-C04,QUESTIONBASE-0.1,Q-002-03,code,F41.2,classified,incorrect,RULE-REL-HARD-01,,documented_fact_conflict,,submitted_code|reason_key|conflicting_fact,QSAUDIT-0.1 §4.2,,,forward_specification_derived_human_oracle_audit_confirmed_against_qsaudit_0_1
RCBASE-0.3,RC-L-002-03-NOA,QUESTIONBASE-0.1,Q-002-03,none_of_above,,classified,incorrect,RULE-NOA-01,,displayed_accepted_response_exists,,displayed_accepted_response_exists|reference_code,QSAUDIT-0.1 §4.2; RULEBASE-0.2 §5.6,,,forward_specification_derived_human_oracle_audit_confirmed_against_qsaudit_0_1
RCBASE-0.3,RC-L-003-01-C01,QUESTIONBASE-0.1,Q-003-01,code,G43.1,classified,correct,RULE-CORRECT-01,,accepted_response,,accepted_code,QSAUDIT-0.1 §4.3,,,forward_specification_derived_human_oracle_audit_confirmed_against_qsaudit_0_1
RCBASE-0.3,RC-L-003-01-C02,QUESTIONBASE-0.1,Q-003-01,code,G43.9,classified,suboptimal,RULE-REL-SPEC-01,,supported_specificity_not_used,G43.1,submitted_code|improvement_code|supported_detail,QSAUDIT-0.1 §4.3,,,forward_specification_derived_human_oracle_audit_confirmed_against_qsaudit_0_1
RCBASE-0.3,RC-L-003-01-C03,QUESTIONBASE-0.1,Q-003-01,code,G43.0,classified,incorrect,RULE-REL-HARD-01,,documented_fact_conflict,,submitted_code|reason_key|conflicting_fact,QSAUDIT-0.1 §4.3,,,forward_specification_derived_human_oracle_audit_confirmed_against_qsaudit_0_1
RCBASE-0.3,RC-L-003-01-C04,QUESTIONBASE-0.1,Q-003-01,code,G43.2,classified,incorrect,RULE-REL-HARD-01,,documented_fact_conflict,,submitted_code|reason_key|conflicting_fact,QSAUDIT-0.1 §4.3,,,forward_specification_derived_human_oracle_audit_confirmed_against_qsaudit_0_1
RCBASE-0.3,RC-L-003-01-NOA,QUESTIONBASE-0.1,Q-003-01,none_of_above,,classified,incorrect,RULE-NOA-01,,displayed_accepted_response_exists,,displayed_accepted_response_exists|reference_code,QSAUDIT-0.1 §4.3; RULEBASE-0.2 §5.6,,,forward_specification_derived_human_oracle_audit_confirmed_against_qsaudit_0_1
RCBASE-0.3,RC-L-003-02-C01,QUESTIONBASE-0.1,Q-003-02,code,E03.3,classified,correct,RULE-CORRECT-01,,accepted_response,,accepted_code,QSAUDIT-0.1 §4.3,,,forward_specification_derived_human_oracle_audit_confirmed_against_qsaudit_0_1
RCBASE-0.3,RC-L-003-02-C02,QUESTIONBASE-0.1,Q-003-02,code,E03.9,classified,suboptimal,RULE-REL-SPEC-01,,supported_specificity_not_used,E03.3,submitted_code|improvement_code|supported_detail,QSAUDIT-0.1 §4.3,,,forward_specification_derived_human_oracle_audit_confirmed_against_qsaudit_0_1
RCBASE-0.3,RC-L-003-02-C03,QUESTIONBASE-0.1,Q-003-02,code,E03.2,classified,incorrect,RULE-REL-HARD-01,,documented_fact_conflict,,submitted_code|reason_key|conflicting_fact,QSAUDIT-0.1 §4.3,,,forward_specification_derived_human_oracle_audit_confirmed_against_qsaudit_0_1
RCBASE-0.3,RC-L-003-02-C04,QUESTIONBASE-0.1,Q-003-02,code,E03.4,classified,incorrect,RULE-REL-HARD-01,,documented_fact_conflict,,submitted_code|reason_key|conflicting_fact,QSAUDIT-0.1 §4.3,,,forward_specification_derived_human_oracle_audit_confirmed_against_qsaudit_0_1
RCBASE-0.3,RC-L-003-02-NOA,QUESTIONBASE-0.1,Q-003-02,none_of_above,,classified,incorrect,RULE-NOA-01,,displayed_accepted_response_exists,,displayed_accepted_response_exists|reference_code,QSAUDIT-0.1 §4.3; RULEBASE-0.2 §5.6,,,forward_specification_derived_human_oracle_audit_confirmed_against_qsaudit_0_1
RCBASE-0.3,RC-L-003-03-C01,QUESTIONBASE-0.1,Q-003-03,code,F41.1,classified,correct,RULE-CORRECT-01,,accepted_response,,accepted_code,QSAUDIT-0.1 §4.3,,,forward_specification_derived_human_oracle_audit_confirmed_against_qsaudit_0_1
RCBASE-0.3,RC-L-003-03-C02,QUESTIONBASE-0.1,Q-003-03,code,F41.9,classified,suboptimal,RULE-REL-SPEC-01,,supported_specificity_not_used,F41.1,submitted_code|improvement_code|supported_detail,QSAUDIT-0.1 §4.3,,,forward_specification_derived_human_oracle_audit_confirmed_against_qsaudit_0_1
RCBASE-0.3,RC-L-003-03-C03,QUESTIONBASE-0.1,Q-003-03,code,F41.0,classified,incorrect,RULE-REL-HARD-01,,documented_fact_conflict,,submitted_code|reason_key|conflicting_fact,QSAUDIT-0.1 §4.3,,,forward_specification_derived_human_oracle_audit_confirmed_against_qsaudit_0_1
RCBASE-0.3,RC-L-003-03-C04,QUESTIONBASE-0.1,Q-003-03,code,F41.2,classified,incorrect,RULE-REL-HARD-01,,documented_fact_conflict,,submitted_code|reason_key|conflicting_fact,QSAUDIT-0.1 §4.3,,,forward_specification_derived_human_oracle_audit_confirmed_against_qsaudit_0_1
RCBASE-0.3,RC-L-003-03-NOA,QUESTIONBASE-0.1,Q-003-03,none_of_above,,classified,incorrect,RULE-NOA-01,,displayed_accepted_response_exists,,displayed_accepted_response_exists|reference_code,QSAUDIT-0.1 §4.3; RULEBASE-0.2 §5.6,,,forward_specification_derived_human_oracle_audit_confirmed_against_qsaudit_0_1
RCBASE-0.3,RC-L-004-01-C01,QUESTIONBASE-0.1,Q-004-01,code,E11.9,classified,correct,RULE-CORRECT-01,,accepted_response,,accepted_code,QSAUDIT-0.1 §4.4,,,forward_specification_derived_human_oracle_audit_confirmed_against_qsaudit_0_1
RCBASE-0.3,RC-L-004-01-C02,QUESTIONBASE-0.1,Q-004-01,code,E11.3,classified,incorrect,RULE-REL-HARD-01,,documented_fact_conflict,,submitted_code|reason_key|conflicting_fact,QSAUDIT-0.1 §4.4,,,forward_specification_derived_human_oracle_audit_confirmed_against_qsaudit_0_1
RCBASE-0.3,RC-L-004-01-C03,QUESTIONBASE-0.1,Q-004-01,code,E11.2,classified,incorrect,RULE-REL-HARD-01,,documented_fact_conflict,,submitted_code|reason_key|conflicting_fact,QSAUDIT-0.1 §4.4,,,forward_specification_derived_human_oracle_audit_confirmed_against_qsaudit_0_1
RCBASE-0.3,RC-L-004-01-C04,QUESTIONBASE-0.1,Q-004-01,code,E11.8,classified,incorrect,RULE-REL-HARD-01,,documented_fact_conflict,,submitted_code|reason_key|conflicting_fact,QSAUDIT-0.1 §4.4,,,forward_specification_derived_human_oracle_audit_confirmed_against_qsaudit_0_1
RCBASE-0.3,RC-L-004-01-NOA,QUESTIONBASE-0.1,Q-004-01,none_of_above,,classified,incorrect,RULE-NOA-01,,displayed_accepted_response_exists,,displayed_accepted_response_exists|reference_code,QSAUDIT-0.1 §4.4; RULEBASE-0.2 §5.6,,,forward_specification_derived_human_oracle_audit_confirmed_against_qsaudit_0_1
RCBASE-0.3,RC-L-004-02-C01,QUESTIONBASE-0.1,Q-004-02,code,H40.1,classified,correct,RULE-CORRECT-01,,accepted_response,,accepted_code,QSAUDIT-0.1 §4.4,,,forward_specification_derived_human_oracle_audit_confirmed_against_qsaudit_0_1
RCBASE-0.3,RC-L-004-02-C02,QUESTIONBASE-0.1,Q-004-02,code,H40.9,classified,suboptimal,RULE-REL-SPEC-01,,supported_specificity_not_used,H40.1,submitted_code|improvement_code|supported_detail,QSAUDIT-0.1 §4.4,,,forward_specification_derived_human_oracle_audit_confirmed_against_qsaudit_0_1
RCBASE-0.3,RC-L-004-02-C03,QUESTIONBASE-0.1,Q-004-02,code,H40.0,classified,incorrect,RULE-REL-HARD-01,,documented_fact_conflict,,submitted_code|reason_key|conflicting_fact,QSAUDIT-0.1 §4.4,,,forward_specification_derived_human_oracle_audit_confirmed_against_qsaudit_0_1
RCBASE-0.3,RC-L-004-02-C04,QUESTIONBASE-0.1,Q-004-02,code,H40.2,classified,incorrect,RULE-REL-HARD-01,,documented_fact_conflict,,submitted_code|reason_key|conflicting_fact,QSAUDIT-0.1 §4.4,,,forward_specification_derived_human_oracle_audit_confirmed_against_qsaudit_0_1
RCBASE-0.3,RC-L-004-02-NOA,QUESTIONBASE-0.1,Q-004-02,none_of_above,,classified,incorrect,RULE-NOA-01,,displayed_accepted_response_exists,,displayed_accepted_response_exists|reference_code,QSAUDIT-0.1 §4.4; RULEBASE-0.2 §5.6,,,forward_specification_derived_human_oracle_audit_confirmed_against_qsaudit_0_1
RCBASE-0.3,RC-L-004-03-C01,QUESTIONBASE-0.1,Q-004-03,code,F33.1,classified,correct,RULE-CORRECT-01,,accepted_response,,accepted_code,QSAUDIT-0.1 §4.4,,,forward_specification_derived_human_oracle_audit_confirmed_against_qsaudit_0_1
RCBASE-0.3,RC-L-004-03-C02,QUESTIONBASE-0.1,Q-004-03,code,F33.9,classified,suboptimal,RULE-REL-SPEC-01,,supported_specificity_not_used,F33.1,submitted_code|improvement_code|supported_detail,QSAUDIT-0.1 §4.4,,,forward_specification_derived_human_oracle_audit_confirmed_against_qsaudit_0_1
RCBASE-0.3,RC-L-004-03-C03,QUESTIONBASE-0.1,Q-004-03,code,F32.1,classified,incorrect,RULE-REL-HARD-01,,documented_fact_conflict,,submitted_code|reason_key|conflicting_fact,QSAUDIT-0.1 §4.4,,,forward_specification_derived_human_oracle_audit_confirmed_against_qsaudit_0_1
RCBASE-0.3,RC-L-004-03-C04,QUESTIONBASE-0.1,Q-004-03,code,F33.0,classified,incorrect,RULE-REL-HARD-01,,documented_fact_conflict,,submitted_code|reason_key|conflicting_fact,QSAUDIT-0.1 §4.4,,,forward_specification_derived_human_oracle_audit_confirmed_against_qsaudit_0_1
RCBASE-0.3,RC-L-004-03-NOA,QUESTIONBASE-0.1,Q-004-03,none_of_above,,classified,incorrect,RULE-NOA-01,,displayed_accepted_response_exists,,displayed_accepted_response_exists|reference_code,QSAUDIT-0.1 §4.4; RULEBASE-0.2 §5.6,,,forward_specification_derived_human_oracle_audit_confirmed_against_qsaudit_0_1
RCBASE-0.3,RC-L-004-04-C01,QUESTIONBASE-0.1,Q-004-04,code,D50.0,classified,correct,RULE-CORRECT-01,,accepted_response,,accepted_code,QSAUDIT-0.1 §4.4,,,forward_specification_derived_human_oracle_audit_confirmed_against_qsaudit_0_1
RCBASE-0.3,RC-L-004-04-C02,QUESTIONBASE-0.1,Q-004-04,code,D50.9,classified,suboptimal,RULE-REL-SPEC-01,,supported_specificity_not_used,D50.0,submitted_code|improvement_code|supported_detail,QSAUDIT-0.1 §4.4,,,forward_specification_derived_human_oracle_audit_confirmed_against_qsaudit_0_1
RCBASE-0.3,RC-L-004-04-C03,QUESTIONBASE-0.1,Q-004-04,code,D50.8,classified,incorrect,RULE-REL-HARD-01,,documented_fact_conflict,,submitted_code|reason_key|conflicting_fact,QSAUDIT-0.1 §4.4,,,forward_specification_derived_human_oracle_audit_confirmed_against_qsaudit_0_1
RCBASE-0.3,RC-L-004-04-C04,QUESTIONBASE-0.1,Q-004-04,code,D64.9,classified,incorrect,RULE-REL-HARD-01,,documented_fact_conflict,,submitted_code|reason_key|conflicting_fact,QSAUDIT-0.1 §4.4,,,forward_specification_derived_human_oracle_audit_confirmed_against_qsaudit_0_1
RCBASE-0.3,RC-L-004-04-NOA,QUESTIONBASE-0.1,Q-004-04,none_of_above,,classified,incorrect,RULE-NOA-01,,displayed_accepted_response_exists,,displayed_accepted_response_exists|reference_code,QSAUDIT-0.1 §4.4; RULEBASE-0.2 §5.6,,,forward_specification_derived_human_oracle_audit_confirmed_against_qsaudit_0_1
RCBASE-0.3,RC-L-004-05-C01,QUESTIONBASE-0.1,Q-004-05,code,M54.5,classified,correct,RULE-CORRECT-01,,accepted_response,,accepted_code,QSAUDIT-0.1 §4.4,,,forward_specification_derived_human_oracle_audit_confirmed_against_qsaudit_0_1
RCBASE-0.3,RC-L-004-05-C02,QUESTIONBASE-0.1,Q-004-05,code,M54.2,classified,incorrect,RULE-REL-HARD-01,,documented_fact_conflict,,submitted_code|reason_key|conflicting_fact,QSAUDIT-0.1 §4.4,,,forward_specification_derived_human_oracle_audit_confirmed_against_qsaudit_0_1
RCBASE-0.3,RC-L-004-05-C03,QUESTIONBASE-0.1,Q-004-05,code,M54.3,classified,incorrect,RULE-REL-HARD-01,,documented_fact_conflict,,submitted_code|reason_key|conflicting_fact,QSAUDIT-0.1 §4.4,,,forward_specification_derived_human_oracle_audit_confirmed_against_qsaudit_0_1
RCBASE-0.3,RC-L-004-05-C04,QUESTIONBASE-0.1,Q-004-05,code,M54.6,classified,incorrect,RULE-REL-HARD-01,,documented_fact_conflict,,submitted_code|reason_key|conflicting_fact,QSAUDIT-0.1 §4.4,,,forward_specification_derived_human_oracle_audit_confirmed_against_qsaudit_0_1
RCBASE-0.3,RC-L-004-05-NOA,QUESTIONBASE-0.1,Q-004-05,none_of_above,,classified,correct,RULE-NOA-01,,no_displayed_accepted_response,,displayed_accepted_response_exists|reference_code,QSAUDIT-0.1 §4.4; RULEBASE-0.2 §5.6,,,forward_specification_derived_human_oracle_audit_confirmed_against_qsaudit_0_1
RCBASE-0.3,RC-L-005-01-C01,QUESTIONBASE-0.1,Q-005-01,code,F20.0,classified,correct,RULE-CORRECT-01,,accepted_response,,accepted_code,QSAUDIT-0.1 §4.5,,,forward_specification_derived_human_oracle_audit_confirmed_against_qsaudit_0_1
RCBASE-0.3,RC-L-005-01-C02,QUESTIONBASE-0.1,Q-005-01,code,F20.9,classified,suboptimal,RULE-REL-SPEC-01,,supported_specificity_not_used,F20.0,submitted_code|improvement_code|supported_detail,QSAUDIT-0.1 §4.5,,,forward_specification_derived_human_oracle_audit_confirmed_against_qsaudit_0_1
RCBASE-0.3,RC-L-005-01-C03,QUESTIONBASE-0.1,Q-005-01,code,F20.1,classified,incorrect,RULE-REL-HARD-01,,documented_fact_conflict,,submitted_code|reason_key|conflicting_fact,QSAUDIT-0.1 §4.5,,,forward_specification_derived_human_oracle_audit_confirmed_against_qsaudit_0_1
RCBASE-0.3,RC-L-005-01-C04,QUESTIONBASE-0.1,Q-005-01,code,F20.2,classified,incorrect,RULE-REL-HARD-01,,documented_fact_conflict,,submitted_code|reason_key|conflicting_fact,QSAUDIT-0.1 §4.5,,,forward_specification_derived_human_oracle_audit_confirmed_against_qsaudit_0_1
RCBASE-0.3,RC-L-005-01-NOA,QUESTIONBASE-0.1,Q-005-01,none_of_above,,classified,incorrect,RULE-NOA-01,,displayed_accepted_response_exists,,displayed_accepted_response_exists|reference_code,QSAUDIT-0.1 §4.5; RULEBASE-0.2 §5.6,,,forward_specification_derived_human_oracle_audit_confirmed_against_qsaudit_0_1
RCBASE-0.3,RC-L-005-02-C01,QUESTIONBASE-0.1,Q-005-02,code,G24.0,classified,correct,RULE-CORRECT-01,,accepted_response,,accepted_code,QSAUDIT-0.1 §4.5,,,forward_specification_derived_human_oracle_audit_confirmed_against_qsaudit_0_1
RCBASE-0.3,RC-L-005-02-C02,QUESTIONBASE-0.1,Q-005-02,code,G24.9,classified,suboptimal,RULE-REL-SPEC-01,,supported_specificity_not_used,G24.0,submitted_code|improvement_code|supported_detail,QSAUDIT-0.1 §4.5,,,forward_specification_derived_human_oracle_audit_confirmed_against_qsaudit_0_1
RCBASE-0.3,RC-L-005-02-C03,QUESTIONBASE-0.1,Q-005-02,code,G25.4,classified,incorrect,RULE-REL-HARD-01,,documented_fact_conflict,,submitted_code|reason_key|conflicting_fact,QSAUDIT-0.1 §4.5,,,forward_specification_derived_human_oracle_audit_confirmed_against_qsaudit_0_1
RCBASE-0.3,RC-L-005-02-C04,QUESTIONBASE-0.1,Q-005-02,code,G25.1,classified,incorrect,RULE-REL-HARD-01,,documented_fact_conflict,,submitted_code|reason_key|conflicting_fact,QSAUDIT-0.1 §4.5,,,forward_specification_derived_human_oracle_audit_confirmed_against_qsaudit_0_1
RCBASE-0.3,RC-L-005-02-NOA,QUESTIONBASE-0.1,Q-005-02,none_of_above,,classified,incorrect,RULE-NOA-01,,displayed_accepted_response_exists,,displayed_accepted_response_exists|reference_code,QSAUDIT-0.1 §4.5; RULEBASE-0.2 §5.6,,,forward_specification_derived_human_oracle_audit_confirmed_against_qsaudit_0_1
RCBASE-0.3,RC-L-005-03-C01,QUESTIONBASE-0.1,Q-005-03,code,L40.0,classified,correct,RULE-CORRECT-01,,accepted_response,,accepted_code,QSAUDIT-0.1 §4.5,,,forward_specification_derived_human_oracle_audit_confirmed_against_qsaudit_0_1
RCBASE-0.3,RC-L-005-03-C02,QUESTIONBASE-0.1,Q-005-03,code,L40.9,classified,suboptimal,RULE-REL-SPEC-01,,supported_specificity_not_used,L40.0,submitted_code|improvement_code|supported_detail,QSAUDIT-0.1 §4.5,,,forward_specification_derived_human_oracle_audit_confirmed_against_qsaudit_0_1
RCBASE-0.3,RC-L-005-03-C03,QUESTIONBASE-0.1,Q-005-03,code,L40.4,classified,incorrect,RULE-REL-HARD-01,,documented_fact_conflict,,submitted_code|reason_key|conflicting_fact,QSAUDIT-0.1 §4.5,,,forward_specification_derived_human_oracle_audit_confirmed_against_qsaudit_0_1
RCBASE-0.3,RC-L-005-03-C04,QUESTIONBASE-0.1,Q-005-03,code,L40.1,classified,incorrect,RULE-REL-HARD-01,,documented_fact_conflict,,submitted_code|reason_key|conflicting_fact,QSAUDIT-0.1 §4.5,,,forward_specification_derived_human_oracle_audit_confirmed_against_qsaudit_0_1
RCBASE-0.3,RC-L-005-03-NOA,QUESTIONBASE-0.1,Q-005-03,none_of_above,,classified,incorrect,RULE-NOA-01,,displayed_accepted_response_exists,,displayed_accepted_response_exists|reference_code,QSAUDIT-0.1 §4.5; RULEBASE-0.2 §5.6,,,forward_specification_derived_human_oracle_audit_confirmed_against_qsaudit_0_1
RCBASE-0.3,RC-L-005-04-C01,QUESTIONBASE-0.1,Q-005-04,code,E78.2,classified,correct,RULE-CORRECT-01,,accepted_response,,accepted_code,QSAUDIT-0.1 §4.5,,,forward_specification_derived_human_oracle_audit_confirmed_against_qsaudit_0_1
RCBASE-0.3,RC-L-005-04-C02,QUESTIONBASE-0.1,Q-005-04,code,E78.5,classified,suboptimal,RULE-REL-SPEC-01,,supported_specificity_not_used,E78.2,submitted_code|improvement_code|supported_detail,QSAUDIT-0.1 §4.5,,,forward_specification_derived_human_oracle_audit_confirmed_against_qsaudit_0_1
RCBASE-0.3,RC-L-005-04-C03,QUESTIONBASE-0.1,Q-005-04,code,E78.0,classified,incorrect,RULE-REL-HARD-01,,documented_fact_conflict,,submitted_code|reason_key|conflicting_fact,QSAUDIT-0.1 §4.5,,,forward_specification_derived_human_oracle_audit_confirmed_against_qsaudit_0_1
RCBASE-0.3,RC-L-005-04-C04,QUESTIONBASE-0.1,Q-005-04,code,E78.1,classified,incorrect,RULE-REL-HARD-01,,documented_fact_conflict,,submitted_code|reason_key|conflicting_fact,QSAUDIT-0.1 §4.5,,,forward_specification_derived_human_oracle_audit_confirmed_against_qsaudit_0_1
RCBASE-0.3,RC-L-005-04-NOA,QUESTIONBASE-0.1,Q-005-04,none_of_above,,classified,incorrect,RULE-NOA-01,,displayed_accepted_response_exists,,displayed_accepted_response_exists|reference_code,QSAUDIT-0.1 §4.5; RULEBASE-0.2 §5.6,,,forward_specification_derived_human_oracle_audit_confirmed_against_qsaudit_0_1
RCBASE-0.3,RC-L-005-05-C01,QUESTIONBASE-0.1,Q-005-05,code,I10,classified,correct,RULE-CORRECT-01,,accepted_response,,accepted_code,QSAUDIT-0.1 §4.5,,,forward_specification_derived_human_oracle_audit_confirmed_against_qsaudit_0_1
RCBASE-0.3,RC-L-005-05-C02,QUESTIONBASE-0.1,Q-005-05,code,I11.9,classified,incorrect,RULE-REL-HARD-01,,documented_fact_conflict,,submitted_code|reason_key|conflicting_fact,QSAUDIT-0.1 §4.5,,,forward_specification_derived_human_oracle_audit_confirmed_against_qsaudit_0_1
RCBASE-0.3,RC-L-005-05-C03,QUESTIONBASE-0.1,Q-005-05,code,I15.9,classified,incorrect,RULE-REL-HARD-01,,documented_fact_conflict,,submitted_code|reason_key|conflicting_fact,QSAUDIT-0.1 §4.5,,,forward_specification_derived_human_oracle_audit_confirmed_against_qsaudit_0_1
RCBASE-0.3,RC-L-005-05-C04,QUESTIONBASE-0.1,Q-005-05,code,I95.9,classified,incorrect,RULE-REL-HARD-01,,documented_fact_conflict,,submitted_code|reason_key|conflicting_fact,QSAUDIT-0.1 §4.5,,,forward_specification_derived_human_oracle_audit_confirmed_against_qsaudit_0_1
RCBASE-0.3,RC-L-005-05-NOA,QUESTIONBASE-0.1,Q-005-05,none_of_above,,classified,correct,RULE-NOA-01,,no_displayed_accepted_response,,displayed_accepted_response_exists|reference_code,QSAUDIT-0.1 §4.5; RULEBASE-0.2 §5.6,,,forward_specification_derived_human_oracle_audit_confirmed_against_qsaudit_0_1
RCBASE-0.3,RC-L-006-01-C01,QUESTIONBASE-0.1,Q-006-01,code,I25.1,classified,correct,RULE-CORRECT-01,,accepted_response,,accepted_code,QSAUDIT-0.1 §4.6,,,forward_specification_derived_human_oracle_audit_confirmed_against_qsaudit_0_1
RCBASE-0.3,RC-L-006-01-C02,QUESTIONBASE-0.1,Q-006-01,code,I25.9,classified,suboptimal,RULE-REL-SPEC-01,,supported_specificity_not_used,I25.1,submitted_code|improvement_code|supported_detail,QSAUDIT-0.1 §4.6,,,forward_specification_derived_human_oracle_audit_confirmed_against_qsaudit_0_1
RCBASE-0.3,RC-L-006-01-C03,QUESTIONBASE-0.1,Q-006-01,code,I25.2,classified,incorrect,RULE-REL-HARD-01,,documented_fact_conflict,,submitted_code|reason_key|conflicting_fact,QSAUDIT-0.1 §4.6,,,forward_specification_derived_human_oracle_audit_confirmed_against_qsaudit_0_1
RCBASE-0.3,RC-L-006-01-C04,QUESTIONBASE-0.1,Q-006-01,code,I25.5,classified,incorrect,RULE-REL-HARD-01,,documented_fact_conflict,,submitted_code|reason_key|conflicting_fact,QSAUDIT-0.1 §4.6,,,forward_specification_derived_human_oracle_audit_confirmed_against_qsaudit_0_1
RCBASE-0.3,RC-L-006-01-NOA,QUESTIONBASE-0.1,Q-006-01,none_of_above,,classified,incorrect,RULE-NOA-01,,displayed_accepted_response_exists,,displayed_accepted_response_exists|reference_code,QSAUDIT-0.1 §4.6; RULEBASE-0.2 §5.6,,,forward_specification_derived_human_oracle_audit_confirmed_against_qsaudit_0_1
RCBASE-0.3,RC-L-006-02-C01,QUESTIONBASE-0.1,Q-006-02,code,I69.3,classified,correct,RULE-CORRECT-01,,accepted_response,,accepted_code,QSAUDIT-0.1 §4.6,,,forward_specification_derived_human_oracle_audit_confirmed_against_qsaudit_0_1
RCBASE-0.3,RC-L-006-02-C02,QUESTIONBASE-0.1,Q-006-02,code,I69.4,classified,suboptimal,RULE-REL-SPEC-01,,supported_specificity_not_used,I69.3,submitted_code|improvement_code|supported_detail,QSAUDIT-0.1 §4.6,,,forward_specification_derived_human_oracle_audit_confirmed_against_qsaudit_0_1
RCBASE-0.3,RC-L-006-02-C03,QUESTIONBASE-0.1,Q-006-02,code,I63.9,classified,incorrect,RULE-REL-HARD-01,,temporal_context_conflict,,submitted_code|reason_key|temporal_fact,QSAUDIT-0.1 §4.6,,,forward_specification_derived_human_oracle_audit_confirmed_against_qsaudit_0_1
RCBASE-0.3,RC-L-006-02-C04,QUESTIONBASE-0.1,Q-006-02,code,I69.1,classified,incorrect,RULE-REL-HARD-01,,documented_fact_conflict,,submitted_code|reason_key|conflicting_fact,QSAUDIT-0.1 §4.6,,,forward_specification_derived_human_oracle_audit_confirmed_against_qsaudit_0_1
RCBASE-0.3,RC-L-006-02-NOA,QUESTIONBASE-0.1,Q-006-02,none_of_above,,classified,incorrect,RULE-NOA-01,,displayed_accepted_response_exists,,displayed_accepted_response_exists|reference_code,QSAUDIT-0.1 §4.6; RULEBASE-0.2 §5.6,,,forward_specification_derived_human_oracle_audit_confirmed_against_qsaudit_0_1
RCBASE-0.3,RC-L-006-03-C01,QUESTIONBASE-0.1,Q-006-03,code,G40.3,classified,correct,RULE-CORRECT-01,,accepted_response,,accepted_code,QSAUDIT-0.1 §4.6,,,forward_specification_derived_human_oracle_audit_confirmed_against_qsaudit_0_1
RCBASE-0.3,RC-L-006-03-C02,QUESTIONBASE-0.1,Q-006-03,code,G40.9,classified,suboptimal,RULE-REL-SPEC-01,,supported_specificity_not_used,G40.3,submitted_code|improvement_code|supported_detail,QSAUDIT-0.1 §4.6,,,forward_specification_derived_human_oracle_audit_confirmed_against_qsaudit_0_1
RCBASE-0.3,RC-L-006-03-C03,QUESTIONBASE-0.1,Q-006-03,code,G40.0,classified,incorrect,RULE-REL-HARD-01,,documented_fact_conflict,,submitted_code|reason_key|conflicting_fact,QSAUDIT-0.1 §4.6,,,forward_specification_derived_human_oracle_audit_confirmed_against_qsaudit_0_1
RCBASE-0.3,RC-L-006-03-C04,QUESTIONBASE-0.1,Q-006-03,code,G40.4,classified,incorrect,RULE-REL-HARD-01,,documented_fact_conflict,,submitted_code|reason_key|conflicting_fact,QSAUDIT-0.1 §4.6,,,forward_specification_derived_human_oracle_audit_confirmed_against_qsaudit_0_1
RCBASE-0.3,RC-L-006-03-NOA,QUESTIONBASE-0.1,Q-006-03,none_of_above,,classified,incorrect,RULE-NOA-01,,displayed_accepted_response_exists,,displayed_accepted_response_exists|reference_code,QSAUDIT-0.1 §4.6; RULEBASE-0.2 §5.6,,,forward_specification_derived_human_oracle_audit_confirmed_against_qsaudit_0_1
RCBASE-0.3,RC-L-006-04-C01,QUESTIONBASE-0.1,Q-006-04,code,F03,classified,correct,RULE-CORRECT-01,,accepted_response,,accepted_code,QSAUDIT-0.1 §4.6,,,forward_specification_derived_human_oracle_audit_confirmed_against_qsaudit_0_1
RCBASE-0.3,RC-L-006-04-C02,QUESTIONBASE-0.1,Q-006-04,code,F01.9,classified,incorrect,RULE-REL-HARD-01,,documented_fact_conflict,,submitted_code|reason_key|conflicting_fact,QSAUDIT-0.1 §4.6,,,forward_specification_derived_human_oracle_audit_confirmed_against_qsaudit_0_1
RCBASE-0.3,RC-L-006-04-C03,QUESTIONBASE-0.1,Q-006-04,code,F05.1,classified,incorrect,RULE-REL-HARD-01,,documented_fact_conflict,,submitted_code|reason_key|conflicting_fact,QSAUDIT-0.1 §4.6,,,forward_specification_derived_human_oracle_audit_confirmed_against_qsaudit_0_1
RCBASE-0.3,RC-L-006-04-NOA,QUESTIONBASE-0.1,Q-006-04,none_of_above,,classified,incorrect,RULE-NOA-01,,displayed_accepted_response_exists,,displayed_accepted_response_exists|reference_code,QSAUDIT-0.1 §4.6; RULEBASE-0.2 §5.6,,,forward_specification_derived_human_oracle_audit_confirmed_against_qsaudit_0_1
RCBASE-0.3,RC-L-006-05-C01,QUESTIONBASE-0.1,Q-006-05,code,N40,classified,correct,RULE-CORRECT-01,,accepted_response,,accepted_code,QSAUDIT-0.1 §4.6,,,forward_specification_derived_human_oracle_audit_confirmed_against_qsaudit_0_1
RCBASE-0.3,RC-L-006-05-C02,QUESTIONBASE-0.1,Q-006-05,code,N41.0,classified,incorrect,RULE-REL-HARD-01,,documented_fact_conflict,,submitted_code|reason_key|conflicting_fact,QSAUDIT-0.1 §4.6,,,forward_specification_derived_human_oracle_audit_confirmed_against_qsaudit_0_1
RCBASE-0.3,RC-L-006-05-C03,QUESTIONBASE-0.1,Q-006-05,code,N42.9,classified,incorrect,RULE-REL-HARD-01,,documented_fact_conflict,,submitted_code|reason_key|conflicting_fact,QSAUDIT-0.1 §4.6,,,forward_specification_derived_human_oracle_audit_confirmed_against_qsaudit_0_1
RCBASE-0.3,RC-L-006-05-C04,QUESTIONBASE-0.1,Q-006-05,code,C61,classified,incorrect,RULE-REL-HARD-01,,documented_fact_conflict,,submitted_code|reason_key|conflicting_fact,QSAUDIT-0.1 §4.6,,,forward_specification_derived_human_oracle_audit_confirmed_against_qsaudit_0_1
RCBASE-0.3,RC-L-006-05-NOA,QUESTIONBASE-0.1,Q-006-05,none_of_above,,classified,incorrect,RULE-NOA-01,,displayed_accepted_response_exists,,displayed_accepted_response_exists|reference_code,QSAUDIT-0.1 §4.6; RULEBASE-0.2 §5.6,,,forward_specification_derived_human_oracle_audit_confirmed_against_qsaudit_0_1
RCBASE-0.3,RC-L-006-06-C01,QUESTIONBASE-0.1,Q-006-06,code,R40.2,classified,correct,RULE-CORRECT-01,,accepted_response,,accepted_code,QSAUDIT-0.1 §4.6,,,forward_specification_derived_human_oracle_audit_confirmed_against_qsaudit_0_1
RCBASE-0.3,RC-L-006-06-C02,QUESTIONBASE-0.1,Q-006-06,code,R40.1,classified,incorrect,RULE-REL-HARD-01,,documented_fact_conflict,,submitted_code|reason_key|conflicting_fact,QSAUDIT-0.1 §4.6,,,forward_specification_derived_human_oracle_audit_confirmed_against_qsaudit_0_1
RCBASE-0.3,RC-L-006-06-C03,QUESTIONBASE-0.1,Q-006-06,code,R55,classified,incorrect,RULE-REL-HARD-01,,documented_fact_conflict,,submitted_code|reason_key|conflicting_fact,QSAUDIT-0.1 §4.6,,,forward_specification_derived_human_oracle_audit_confirmed_against_qsaudit_0_1
RCBASE-0.3,RC-L-006-06-C04,QUESTIONBASE-0.1,Q-006-06,code,G40.9,classified,incorrect,RULE-REL-HARD-01,,documented_fact_conflict,,submitted_code|reason_key|conflicting_fact,QSAUDIT-0.1 §4.6,,,forward_specification_derived_human_oracle_audit_confirmed_against_qsaudit_0_1
RCBASE-0.3,RC-L-006-06-NOA,QUESTIONBASE-0.1,Q-006-06,none_of_above,,classified,incorrect,RULE-NOA-01,,displayed_accepted_response_exists,,displayed_accepted_response_exists|reference_code,QSAUDIT-0.1 §4.6; RULEBASE-0.2 §5.6,,,forward_specification_derived_human_oracle_audit_confirmed_against_qsaudit_0_1
RCBASE-0.3,RC-001-01,QUESTIONBASE-0.1,VQ-001,code,J44.0,classified,incorrect,RULE-DEPTH-01,PAT-DEPTH-01,mandatory_coding_depth_not_met,,submitted_code|required_coding_level,"SRC-AT-DOC-2026:pp.12,26",RC-001-01,CASE-001,exact_semantic_carry_forward_from_rcbase_0_1
RCBASE-0.3,RC-001-02,QUESTIONBASE-0.1,VQ-001,code,J44.00,classified,incorrect,RULE-EVID-01,PAT-EVID-01,case_evidence_conflict,J44.02,submitted_code|fev1_stable_pct_predicted|submitted_suffix_meaning|expected_suffix|expected_code,SRC-AT-DOC-2026:p.34,RC-001-02,CASE-001,exact_semantic_carry_forward_from_rcbase_0_1
RCBASE-0.3,RC-001-03,QUESTIONBASE-0.1,VQ-001,code,J44.01,classified,incorrect,RULE-EVID-01,PAT-EVID-01,case_evidence_conflict,J44.02,submitted_code|fev1_stable_pct_predicted|submitted_suffix_meaning|expected_suffix|expected_code,SRC-AT-DOC-2026:p.34,RC-001-03,CASE-001,exact_semantic_carry_forward_from_rcbase_0_1
RCBASE-0.3,RC-001-04,QUESTIONBASE-0.1,VQ-001,code,J44.02,classified,correct,RULE-CORRECT-01,,accepted_response,,accepted_code,"SRC-AT-DOC-2026:pp.26,34; SRC-AT-DIAGLIST-2026:row 3887",RC-001-04,CASE-001,exact_semantic_carry_forward_from_rcbase_0_1
RCBASE-0.3,RC-001-05,QUESTIONBASE-0.1,VQ-001,code,J44.03,classified,incorrect,RULE-EVID-01,PAT-EVID-01,case_evidence_conflict,J44.02,submitted_code|fev1_stable_pct_predicted|submitted_suffix_meaning|expected_suffix|expected_code,SRC-AT-DOC-2026:p.34,RC-001-05,CASE-001,exact_semantic_carry_forward_from_rcbase_0_1
RCBASE-0.3,RC-001-06,QUESTIONBASE-0.1,VQ-001,code,J44.09,classified,suboptimal,RULE-SPEC-01,PAT-SPEC-01,supported_specificity_not_used,J44.02,submitted_code|fev1_stable_pct_predicted|expected_code|improvement_direction,"SRC-AT-DOC-2026:pp.26,34",RC-001-06,CASE-001,exact_semantic_carry_forward_from_rcbase_0_1
RCBASE-0.3,RC-002-01,QUESTIONBASE-0.1,VQ-002,code,J44.1,classified,incorrect,RULE-DEPTH-01,PAT-DEPTH-01,mandatory_coding_depth_not_met,,submitted_code|required_coding_level,"SRC-AT-DOC-2026:pp.12,26",RC-002-01,CASE-002,exact_semantic_carry_forward_from_rcbase_0_1
RCBASE-0.3,RC-002-02,QUESTIONBASE-0.1,VQ-002,code,J44.10,classified,incorrect,RULE-EVID-01,PAT-EVID-01,case_evidence_conflict,J44.12,submitted_code|fev1_stable_pct_predicted|submitted_suffix_meaning|expected_suffix|expected_code,SRC-AT-DOC-2026:p.34,RC-002-02,CASE-002,exact_semantic_carry_forward_from_rcbase_0_1
RCBASE-0.3,RC-002-03,QUESTIONBASE-0.1,VQ-002,code,J44.11,classified,incorrect,RULE-EVID-01,PAT-EVID-01,case_evidence_conflict,J44.12,submitted_code|fev1_stable_pct_predicted|submitted_suffix_meaning|expected_suffix|expected_code,SRC-AT-DOC-2026:p.34,RC-002-03,CASE-002,exact_semantic_carry_forward_from_rcbase_0_1
RCBASE-0.3,RC-002-04,QUESTIONBASE-0.1,VQ-002,code,J44.12,classified,correct,RULE-CORRECT-01,,accepted_response,,accepted_code,"SRC-AT-DOC-2026:pp.26,34; SRC-AT-DIAGLIST-2026:row 3893",RC-002-04,CASE-002,exact_semantic_carry_forward_from_rcbase_0_1
RCBASE-0.3,RC-002-05,QUESTIONBASE-0.1,VQ-002,code,J44.13,classified,incorrect,RULE-EVID-01,PAT-EVID-01,case_evidence_conflict,J44.12,submitted_code|fev1_stable_pct_predicted|submitted_suffix_meaning|expected_suffix|expected_code,SRC-AT-DOC-2026:p.34,RC-002-05,CASE-002,exact_semantic_carry_forward_from_rcbase_0_1
RCBASE-0.3,RC-002-06,QUESTIONBASE-0.1,VQ-002,code,J44.19,classified,suboptimal,RULE-SPEC-01,PAT-SPEC-01,supported_specificity_not_used,J44.12,submitted_code|fev1_stable_pct_predicted|expected_code|improvement_direction,"SRC-AT-DOC-2026:pp.26,34",RC-002-06,CASE-002,exact_semantic_carry_forward_from_rcbase_0_1
RCBASE-0.3,RC-003-01,QUESTIONBASE-0.1,VQ-003,code,Z01.6,classified,correct,RULE-CORRECT-01,,accepted_response,,accepted_code,"SRC-AT-DOC-2026:pp.18,22; SRC-AT-DIAGLIST-2026:row 12683",RC-003-01,CASE-003,exact_semantic_carry_forward_from_rcbase_0_1
RCBASE-0.3,RC-004-01,QUESTIONBASE-0.1,VQ-004,code,Z01.6,classified,incorrect,RULE-STATUS-01,PAT-STATUS-01,context_status_incompatibility,,submitted_code|marker|diagnosis_role|encounter_setting|restriction,"SRC-AT-DOC-2026:pp.10-11,18; SRC-AT-DIAGLIST-2026:row 12683",RC-004-01,CASE-004,exact_semantic_carry_forward_from_rcbase_0_1
RCBASE-0.3,RC-005-01,QUESTIONBASE-0.1,VQ-005,code,J44.00,classified,correct,RULE-CORRECT-01,,accepted_response,,accepted_code,"SRC-AT-DOC-2026:pp.26,34; SRC-AT-DIAGLIST-2026:row 3885",RC-005-01,CASE-005,reconstructed_from_implementation_documentation_human_oracle_audit_confirmed_via_rule_replay
RCBASE-0.3,RC-006-01,QUESTIONBASE-0.1,VQ-006,code,J44.11,classified,correct,RULE-CORRECT-01,,accepted_response,,accepted_code,"SRC-AT-DOC-2026:pp.26,34; SRC-AT-DIAGLIST-2026:row 3892",RC-006-01,CASE-006,reconstructed_from_implementation_documentation_human_oracle_audit_confirmed_via_rule_replay
RCBASE-0.3,RC-007-01,QUESTIONBASE-0.1,VQ-007,code,J44.03,classified,correct,RULE-CORRECT-01,,accepted_response,,accepted_code,"SRC-AT-DOC-2026:pp.26,34; SRC-AT-DIAGLIST-2026:row 3888",RC-007-01,CASE-007,reconstructed_from_implementation_documentation_human_oracle_audit_confirmed_via_rule_replay
RCBASE-0.3,RC-008-01,QUESTIONBASE-0.1,VQ-008,code,Z01.6,classified,incorrect,RULE-STATUS-01,PAT-STATUS-01,context_status_incompatibility,,submitted_code|marker|diagnosis_role|encounter_setting|restriction,"SRC-AT-DOC-2026:pp.10-11,18; SRC-AT-DIAGLIST-2026:row 12683",RC-008-01,CASE-008,reconstructed_from_implementation_documentation_human_oracle_audit_confirmed_via_rule_replay
